[
    {
      "CourseId": 1,
      "Title": "Intro to Programming",
      "CourseNumber": 101,
      "DurationWk": 8,
      "StartDate": "2023-03-01",
      "EndDate": "2023-03-29"
    },
    {
      "CourseId": 2,
      "Title": "Data Structures and Algorithms",
      "CourseNumber": 102,
      "DurationWk": 10,
      "StartDate": "2023-04-01",
      "EndDate": "2023-04-30"
    },
    {
      "CourseId": 3,
      "Title": "Web Development with HTML, CSS, and JavaScript",
      "CourseNumber": 103,
      "DurationWk": 12,
      "StartDate": "2023-05-01",
      "EndDate": "2023-06-15"
    },
    {
      "CourseId": 4,
      "Title": "Introduction to Databases",
      "CourseNumber": 104,
      "DurationWk": 6,
      "StartDate": "2023-06-16",
      "EndDate": "2023-07-15"
    }
]